Model,Accuracy
Logistic Regression,0.8044692737430168
Random Forest,0.8156424581005587
